,id,lat,long,price,distance
0,7129300520,0.5731002397221389,4.806125386429408,-1.4178647312586883,0.00016090470629262572
1,6414100192,0.9094993092781942,4.806632386309429,0.2722007777378923,0.0001601989265478499
2,5631500400,0.9365328356280546,4.805929059380636,-1.8172180533995779,7.363258163284314e-05
3,2487200875,0.5885255455019502,4.807237178900357,0.49302282100687655,0.00017159316120718415
4,1954400510,0.7426074386137365,4.804389829182928,0.17020540151011798,0.0001603399555822893
5,7237550310,0.8055951178062101,4.8040620275000085,1.850208343948493,0.0007711766501658913
6,1321400060,0.24860819967549613,4.806697786929124,-1.1339208265063063,0.00010626688529491446
7,2008000270,0.40949673476423676,4.806599684395548,-0.8949609733939538,0.00015534869681488317
8,2414600126,0.5748678807742669,4.8067795316893305,-1.3535998890995624,4.904605425526398e-05
9,3793500160,0.34328008801368814,4.804275110816391,-0.7014341250093326,0.00021303403375126808
10,1736800520,0.7167883134831344,4.805208863587204,0.6694397209559032,0.0001473766950983446
11,9212900260,0.859886287643117,4.8064116276345565,0.006200057743864652,5.7238410259508044e-05
12,114101516,0.9651555444120793,4.805896334458151,-0.7798278097073974,9.818119347126952e-05
13,6054650070,0.7360332104939763,4.804389829182928,-0.2934127627898942,0.00043025575999306424
14,1175000570,0.8278607686586285,4.807245349268882,0.24361123405639315,1.634080380430447e-05
15,9297300055,0.6697782975317205,4.807090100850674,0.6330897390954976,8.1715702906493e-06
16,1875500060,0.9202178880115809,4.80370952080488,-0.317417058511815,3.279763857300111e-05
17,6865200140,0.8195319328438059,4.806828575338187,0.07428992052272164,8.173407007561195e-05
18,16000397,0.24731714128075402,4.805740876449909,-1.7241109854987324,2.4547608041380897e-05
19,7983200060,0.2882975917410914,4.806526101179028,-1.3494468594998428,0.000166397169426175
20,6300500875,0.8798954174427825,4.806812227722487,-0.36635092805092606,0.00016518763425269042
21,2524049179,0.6058752901450073,4.805929059380636,2.7779039164247274,0.00016062736333710692
22,7137970340,0.2758767075202301,4.8054053320669246,-0.9402849968619643,4.911108929395169e-05
23,8091400200,0.3189378847915423,4.8053807756177855,-1.1698290536254843,0.00035801681822364624
24,3814700200,0.3521445255297233,4.805429887913059,-0.6663107467396331,0.0001309714811466023
25,1202000200,0.24070012432934548,4.805806335398989,-1.3247167119238585,0.0003227946201689036
26,1794500383,0.7775535866935456,4.806967519282702,1.330981865091186,4.086219226273613e-05
27,3303700376,0.7511049922805185,4.806591508749977,0.6823580456785869,8.992842520960664e-05
28,5101402488,0.8678905688413927,4.806509748617808,-0.12022472772218454,2.452934322771938e-05
29,1873100390,0.887577530051323,4.8049222778449305,0.8256178572545457,1.637854083647028e-05
30,8562750320,0.6179214047152116,4.804594650681708,0.4172924378431894,8.192054526290349e-06
31,2426039314,0.9197379838296074,4.806943001165856,-0.9740613891915211,0.0
32,461000390,0.8475580531441899,4.807032897988881,0.7401261852502075,2.4515912872224987e-05
33,7589200193,0.8581252331592109,4.807090100850674,0.2615298290684486,4.0857183720710566e-05
34,7955080270,0.43863963244679377,4.805307102652048,-0.7043904638622417,0.0003245503102082802
35,9547205180,0.8481985299324484,4.806558805499272,0.7635752536339403,9.81161696236299e-05
36,9435300030,0.8152069866296454,4.805102427041707,0.31429769835070087,0.00019232470792794002
37,2768000400,0.8281810903535559,4.8069838643599745,0.6035028464681532,1.6344810114254926e-05
38,7895500070,0.2879749969316885,4.806329852793359,-1.2682296515444893,2.453375640598665e-05
39,2078500320,0.6034658391417392,4.805495367221621,0.49617967259178586,0.00017346592406943488
40,5547700270,0.7389195266949514,4.804242331722895,0.5582442110091225,8.194941263361954e-06
41,7766200013,0.4666449735826754,4.806861269767877,0.9687447733496667,0.0005068838200026349
42,7203220400,0.8515609449253584,4.8041521836751535,1.171752688361928,0.00016011130609072666
43,9270200160,0.7818806663322128,4.807000209170089,0.7331742054382187,5.7208004232478515e-05
44,1432701230,0.47227699108880267,4.8054544431562185,-0.7859936191033475,0.0002127337450632557
45,8035350320,0.9467678857635815,4.803832502370098,0.08605758174579806,0.00016989720535510983
46,8945200830,0.24360522678144697,4.807057413901753,-1.5186022396959151,5.720145946952471e-05
47,4178300310,0.7467761680257066,4.805257984325991,0.9932107026700725,0.00030021473825241415
48,9215400105,0.8432346942842741,4.80648521927458,-0.06864547034251041,0.00017622982670909704
49,822039084,0.4008000137115848,4.807710949963442,2.027854320117516,0.00016433912560383026
50,5245600105,0.4357419417985243,4.806656912043057,-1.3661134837614743,4.08748860669661e-05
51,7231300125,0.5444909029282339,4.805569026319167,-0.5756911651973738,0.00013095325805867475
52,7518505990,0.8451562173351814,4.807163642579511,0.48034293151257473,1.634213902335091e-05
53,3626039271,0.8741333256866155,4.80704107002662,0.4320285446433713,0.00018358074712776395
54,4217401195,0.8071971799789782,4.806321674941436,1.2960413328152687,3.271207648403163e-05
55,9822700295,0.8113623843083714,4.806395273201279,1.222025327170945,0.0
56,9478500640,0.3398952130751617,4.8049550346583505,-0.8907155515141827,0.0
57,2799800710,0.3398952130751617,4.80502054506634,-0.83605068840878,5.7318086737367935e-05
58,7922800400,0.6964155124106192,4.804971412662691,1.3592836856029649,1.6377736105965823e-05
59,8079040320,0.5645828500741696,4.8052416110144875,-0.1554020620071532,2.456046992449501e-05
60,1516000055,0.44829780707346656,4.806795879839537,0.6330897390954976,0.0001611669841878024
61,9558200045,0.4531264362635552,4.8067631832718565,-0.9136878227948076,0.00048312587096955434
62,5072410070,0.46310463563538895,4.806836749045822,0.15140410314364522,0.00032227193110917897
63,9528102996,0.8382705358902708,4.8066405616208066,0.31082487419318183,0.0
64,1189001180,0.7337882224530744,4.8064525125476205,-0.17772180589284428,4.088491306397657e-05
65,3253500160,0.6750743876365722,4.806509748617808,-0.7334573556649262,0.00013900756795948155
66,3394100030,0.6859863846821261,4.805593578146028,1.4068454333979699,0.0001637642787032104
67,3717000160,0.2939427802731006,4.806125386429408,-0.9269400729131602,4.0896617446328776e-05
68,1274500060,0.33312501296629266,4.8049222778449305,-1.5783671815469462,0.0001310379848238341
69,1802000060,0.7642502874728655,4.8057817887952154,1.9993714578061224,0.00016216308364875318
70,1525059190,0.7998274156212678,4.805331660910377,1.5300053483535483,0.0002534973143956321
71,1049000060,0.9338139197869625,4.805487182542522,-0.6896543570620598,5.729462946302277e-05
72,8820901275,0.9027794328352454,4.806370741049848,0.38580408936832894,0.0001717124229978495
73,5416510140,0.3310293531630352,4.804316083172349,-0.4944739572420205,0.0
74,3444100400,0.31539069079554205,4.804619226442637,-0.5536930386290214,0.00012288484476741246
75,3276920270,0.6871095899651961,4.803914481678567,1.105323341721562,0.00021253228686057601
76,4036801170,0.7211188382742473,4.805045110362947,-0.39129659500687575,2.456529660666007e-05
77,2391600320,0.6572588057942432,4.807245349268882,0.054514444613068064,4.902321250099817e-05
78,6300000287,0.887577530051323,4.806804053814419,-0.24629144651153323,0.0001307745122334225
79,1531000030,0.30071645558706644,4.804225941773211,0.828270138915537,0.00027859261745888375
80,5104520400,0.3155519304616094,4.8040866163538825,-0.3417271496590976,1.6392502069528803e-05
81,7437100340,0.31200457914583224,4.804275110816391,-0.4944739572420205,4.097235595779125e-05
82,9418400240,0.6312502230347126,4.806403450451351,-0.5211641314479851,3.270833163249165e-05
83,1523059105,0.5247152644196239,4.8052416110144875,-0.5157961494333309,0.00010642173305530633
84,1133000671,0.918138281436541,4.806558805499272,-0.7492940967441373,2.4528139909385516e-05
85,4232902595,0.7697001120232887,4.807008381474965,1.3370819758195478,4.903242678810926e-05
86,2599001200,0.21826255412314727,4.805569026319167,-0.8108580275122493,0.00024549114718563914
87,3342103156,0.5917387586441497,4.805650863397956,-0.022558752272137172,0.0001705646687589085
88,1332700270,0.584026819902441,4.805609945695725,-1.4781461581647106,0.00016088195078595516
89,3869900162,0.6184032097677221,4.8071881552873075,-0.6318221631915534,6.536855611383174e-05
90,2791500270,0.21632518846100796,4.80706558573915,-1.2406010108569618,0.00016330007728189026
91,5036300431,0.79678317490539,4.807220837963041,1.6370417945082583,5.719538353066156e-05
92,4168000060,0.26845547473881176,4.806893963128676,-2.127355583402035,0.00017118313431895244
93,1483300570,0.6952924440241973,4.806059948362425,1.2646710425961012,0.00017327318043551754
94,3422049190,0.3258705608747607,4.806288962864952,-1.2095075922589829,0.00016307399660405597
95,1099611230,0.23876332794822144,4.807114615361223,-1.6257223744538132,8.171436742365756e-06
96,722079104,0.41175127852495036,4.803676723166307,-0.7553618803869949,0.0012686242768936607
97,7338200240,0.5290566970464757,4.801674030353407,-0.12240441539250438,0.0004517769284539952
98,1952200240,0.7822011809944148,4.806599684395548,1.146884795858432,9.811215862853828e-05
99,5200100125,0.8398719125738504,4.80706558573915,0.33156764741908973,7.354894072442164e-05
100,7214720075,0.9928086395414807,4.804676567536147,0.7743748806865965,4.9146891878848464e-05
101,2450000295,0.6858259254356309,4.8056263129775285,1.619614126827614,0.0001637642787032104
102,6197800045,0.4545749654728653,4.805528105268144,-0.9070960499265793,0.00014732965035868517
103,1328310370,0.46358741865882985,4.805110614870499,-0.4165726777454727,4.0938138384127853e-05
104,546000875,0.856364138054079,4.807130958034395,-0.026702763342288726,0.00011440432133991152
105,3530510041,0.3640695995854326,4.806656912043057,-1.7291661310982516,0.00016113689489022365
106,1853000400,0.9245368899115229,4.8046929501018205,0.7191938033652066,0.0003398479633910892
107,3134100116,0.7825216943111033,4.804914088473915,0.01433787966199036,0.0004244315952316739
108,9545230140,0.6171183895377472,4.80445537662701,0.4731732937194074,0.0005939967503381804
109,3362400511,0.8475580531441899,4.806877616581883,0.38245909929559313,8.173373601039202e-06
110,2525310310,0.3336086185982289,4.804275110816391,-1.025874065487501,0.00011471836653687006
111,6126500060,0.6312502230347126,4.806436158782984,-0.6608083511511538,3.270833163249165e-05
112,8961960160,0.26248569877951183,4.806092667931184,0.054514444613068064,0.00021842513738690308
113,3626039325,0.8728528017935719,4.807032897988881,0.8818450167989623,4.903122472832422e-05
114,3362400431,0.8477181728449575,4.806861269767877,0.20174853864285136,0.00016011970076768023
115,4060000240,0.5565467056919002,4.806051768302956,-1.5650833724175677,0.00010634686266364213
116,3454800060,0.5494741988810783,4.806501572236919,-1.9061949086630097,0.00034409024186472337
117,1695900060,0.6948111239442606,4.806427981800372,0.2615298290684486,5.723747420827152e-05
118,7278700070,0.9923291914261203,4.807179984451472,0.6622249057536631,0.0
119,6675500070,0.9219775108713848,4.805871790063476,-0.3344015500762333,8.18153182802206e-06
120,3626039187,0.8757339503515583,4.807000209170089,-0.317417058511815,0.0001608932996155274
121,3524049083,0.60314457326277,4.8061989991366305,-0.08996766253382076,0.00016146382886865346
122,3275860240,0.8594060040850745,4.804824000966125,0.9563931681066314,0.0
123,4389200955,0.7382781325243906,4.805757241588891,2.1642206292880455,0.00016221717554545082
124,4058801670,0.5697255386126061,4.80601904739593,-0.08996766253382076,2.4541382908083165e-05
125,8732020310,0.253772214947498,4.807212667394247,-1.1154828439615665,0.0001621951528706912
126,2331300505,0.8379502565229747,4.806902136301869,1.082261836317431,0.00014710569570741683
127,7853210060,0.6063571712211706,4.8027907800712155,-0.1554020620071532,8.20714843090542e-05
128,3668000070,0.1943649411272431,4.80526617088121,-1.504961349000671,0.0
129,9545240070,0.6102121103430572,4.804463569755434,0.6636700526215851,0.0001927214285032025
130,1243100136,0.8710920463719943,4.804611034589435,0.9907781767219703,0.00020477620080594505
131,8929000270,0.6381545995350782,4.8040046511562595,-0.054929557885104084,0.0001605594665738952
132,2767602356,0.8333060547085309,4.807130958034395,0.7051102239599585,0.00016201515933476825
133,921049315,0.27442478395306974,4.806444335698733,-1.6257223744538132,0.00016215330838704017
134,3655000070,0.28281329459734933,4.806468866044816,-1.4342748847063667,0.00019318553253168288
135,4027700812,0.9860960919290609,4.8061989991366305,-0.060182856261590825,0.00020449312360870664
136,3992700335,0.8974991149621858,4.806370741049848,-0.37878300034496715,0.00016022381321935
137,2767603505,0.8313842333896037,4.807139129270825,0.207077751417168,1.6342539631786224e-05
138,4232901525,0.7698603950917615,4.806951173938265,0.6766273616485649,0.00016358266329601637
139,1777500060,0.6686548372486704,4.805069675056115,0.23531184005378,8.18809696312428e-06
140,1432900240,0.4848268499627413,4.805421702698013,-1.5690355426690907,0.00010640257013161403
141,6140100875,0.8989392378723186,4.806893963128676,-0.20030569488904879,0.00016022058408342812
142,6071600370,0.6346222058421039,4.805446258142161,0.13241572410961247,0.000321324617801687
143,1526069017,0.9432497420376281,4.8042341367816315,1.299150184463294,0.00017610679776457224
144,809001525,0.7724248784260317,4.806910309408263,1.2327764336237366,5.7213147597323655e-05
145,3224079105,0.5972009106496624,4.803553722440448,-0.1554020620071532,0.000665771807159365
146,8075400570,0.3759928113313815,4.806362563532297,-1.1302189507617484,0.0003226392915440339
147,1994200024,0.8555636268500123,4.806771357514002,0.17394353463078374,2.4522926893588703e-05
148,3362900810,0.8499598133969015,4.806910309408263,0.2514085776760318,8.173106393449814e-06
149,1324300398,0.8038328105879335,4.80695934664388,0.34868270696603637,8.172705614484244e-06
150,537000445,0.2741021305218064,4.806509748617808,-0.9540610880756822,8.176314035601706e-06
151,7855801670,0.6546904511592313,4.805348032747543,3.002671208872111,0.00013098220297980134
152,7920100045,0.8422739146233935,4.8064770426931265,-0.548232902292011,9.812419259791483e-05
153,8960000030,0.4713115318788653,4.805462628103283,-1.4781461581647106,0.00020240454738803583
154,6388930390,0.5952731369156665,4.805429887913059,0.6330897390954976,0.0003605933186261766
155,8731900200,0.25474042892762605,4.80704107002662,-0.7192412496894043,0.0002239455271626245
156,8029200135,0.0852774948812838,4.803988257310509,-1.2133666761785515,0.00019367350920180602
157,1081200350,0.5092770598957447,4.804987790398797,-0.7192412496894043,0.00032176667659063104
158,84000105,0.5353272194897707,4.8067631832718565,-1.1525386946474394,0.0001680899572489522
159,3756500060,0.9032594436247574,4.805601761954364,-0.12022472772218454,0.00016187595845811639
160,7215720160,0.7175902810503899,4.8042095515548935,1.254098625815047,8.19520990003042e-06
161,3574800520,0.9269362298440169,4.8058554267990035,-0.10719862698820337,0.00016364737300644805
162,2617300160,0.48788355444277104,4.8042095515548935,-0.20030569488904879,0.000192950787398813
163,2558660270,0.9093393190933136,4.80539714665088,-0.44218804688337915,0.0001835846427179684
164,2009000370,0.4070810782827148,4.806697786929124,-1.0438157837388986,0.0004842457199668557
165,1836980160,0.6595060452280732,4.805045110362947,1.046192927817615,7.369770025622557e-05
166,3261020370,0.8803755721269084,4.805912697053259,0.6418770900695514,0.0003138878917278044
167,1755700060,0.9491665271770643,4.806730485635075,-0.43446726892927834,2.4523327817327356e-05
168,4330600435,0.5190871139371709,4.8067795316893305,-0.9469926183474917,0.0004742126523771262
169,9542800700,0.2371492934316193,4.807081929213609,-1.029378779691861,8.989241518353452e-05
170,1999700045,0.9811412139189656,4.806795879839537,-0.7614490190343679,0.00016067362247420658
171,1762600070,0.792136468198704,4.805511736378855,1.2908486320659496,8.18447813788481e-06
172,1687900520,0.6545299261257885,4.805045110362947,0.6994475600188452,0.00018407041837395112
173,7234600798,0.7326657036774826,4.806558805499272,-0.17772180589284428,0.0
174,3881900445,0.6944902422052123,4.806542453472846,-0.2936513172433456,0.00016230510319378705
175,2254502445,0.731863894447548,4.806534277359362,-0.36635092805092606,9.811857637842536e-05
176,5437810320,0.0674855023779257,4.804012847978352,-1.0438157837388986,0.0008094811409232614
177,9158100075,0.9117391366649525,4.806951173938265,-0.6605191904038943,0.0001699068183263668
178,3830630310,0.3144232456481559,4.805487182542522,-1.1154828439615665,0.00016207085201088193
179,8123100045,0.6167971811018731,4.807098272420965,0.01433787966199036,4.903042338799679e-05
180,3127200041,0.8829363461111213,4.805659046737495,0.4450324542331785,7.364704249024356e-05
181,6661200320,0.3697091885652403,4.804340665780155,-2.000690954242096,4.9165819932639465e-05
182,11510310,0.8747735795793821,4.804856760998888,1.1110454340085196,0.00010646269516279006
183,825059270,0.816168106961075,4.805560842242923,1.6370417945082583,8.184076243367144e-06
184,8731951370,0.2489309608629552,4.807122786731194,-1.050543318419665,4.0855848316923016e-05
185,1954440060,0.7477381501819069,4.804373441650562,0.34868270696603637,0.0
186,2264500350,0.795821810513449,4.806804053814419,0.5274642477909357,0.0
187,1115810060,0.8193717540195431,4.805274357369412,0.43264171701651255,3.2746354924562127e-05
188,9477200200,0.917498391094225,4.805585394270718,-0.8108580275122493,2.4551425006791305e-05
189,1432600560,0.49335314125153495,4.805528105268144,-1.9608426829549142,0.0002602900383158086
190,2287000060,0.6362278595990608,4.805814517466352,1.026944445817091,1.6363933889707027e-05
191,3663500060,0.9728290834855383,4.806771357514002,-0.2934127627898942,0.00013079589319531237
192,3996900125,0.9528442976557108,4.8064770426931265,-1.3494468594998428,6.541505856993979e-05
193,7796450200,0.19727180715233253,4.806861269767877,-1.1384988617498564,0.0
194,7549802535,0.6371912356449704,4.806575157258313,-0.1867233147901359,0.0001840309186037671
195,3278600320,0.6334982281201503,4.80706558573915,-0.006072115404928465,6.537656906147049e-05
196,2824079053,0.6169577854887114,4.80329127031595,-0.1115307885488092,0.00012304814889585458
197,1222069094,0.4035379771827328,4.803971863195995,-0.36635092805092606,0.00045385761243258094
198,3542300060,0.5700469451449742,4.805528105268144,-1.5230497910466063,1.6368889289353206e-05
199,2222059065,0.35826844486168025,4.805372590000734,-0.8615803848560206,0.0003222992981532502
200,7551300060,0.8358684078856166,4.807245349268882,0.01433787966199036,8.170368524851312e-06
201,100600550,0.2369878881032789,4.807049241997577,-1.3787096770057694,9.805844291044252e-05
202,3211100860,0.5208560059381615,4.805315288805169,-1.0136580069119092,0.00023742565209161626
203,3456000310,0.6158335476860433,4.805814517466352,1.1224384012685087,0.0001614382452933197
204,9526600140,0.887577530051323,4.8049550346583505,0.7132913546938245,0.0
205,7465900060,0.6728276063988704,4.807139129270825,-0.17772180589284428,0.0001678082140617603
206,1222000055,0.4914227435908807,4.806795879839537,-1.8145694529079333,0.00026652518758266727
207,6300000550,0.8866173082456117,4.806828575338187,-0.010180440668528565,7.356096368216214e-05
208,2310030510,0.32006650286634947,4.804406216446747,-0.7192412496894043,0.00017112731375073354
209,1025049114,0.8193717540195431,4.806346208296577,0.5597824571745308,0.0
210,8677300550,0.7385988302832076,4.804160379288041,0.45633863579065387,0.0003290689234279758
211,4014400292,0.2628084013059493,4.806272606425421,-0.006072115404928465,0.00010632337856630869
212,1102000196,0.6286809933140737,4.806215356780148,0.04255003960426688,0.00016141036027567677
213,257000138,0.5372565074064036,4.806468866044816,-0.9740613891915211,0.00010630251251875222
214,46100204,0.6631977949945805,4.805740876449909,2.2415954040639408,0.0003641181060741007
215,1909600046,0.5764747916728257,4.807122786731194,-0.08637740353896353,5.720099204342688e-05
216,1250202145,0.6970572583572002,4.806403450451351,1.584273925226006,0.00022908967489694776
217,7611200125,0.8990992498522201,4.80702472588436,0.0021180960850102127,1.6344142260038552e-05
218,5611500140,0.689355950960499,4.8042341367816315,0.7359580372198534,0.0001311110020401074
219,7138000260,0.39097474821444345,4.806468866044816,-0.9744021903975135,8.993945445556761e-05
220,626059335,0.9819404095416094,4.8057817887952154,0.23277875644770332,0.00010636426497967477
221,1922059282,0.3552065465954388,4.805798153264679,-0.6896543570620598,0.00023556329575055997
222,705700390,0.36648661730036036,4.8042095515548935,-0.6721199334110433,2.4585226737983135e-05
223,7454001200,0.5748678807742669,4.807073757509769,-0.3417271496590976,0.00012258357150329857
224,8682281200,0.8880576364255307,4.804127596433472,0.0543156513061653,0.0003200692388916071
225,7972000200,0.22036131144844542,4.807057413901753,-1.0794929557616129,0.00018478114519855605
226,722059070,0.4062758424706189,4.8057736064600585,-1.308406216495567,0.00014729348252995322
227,7202340400,0.8429144357407028,4.804299694431413,0.19437339381911573,0.0001601294397035602
228,8096000060,0.4742078728836785,4.807090100850674,0.647712924427682,0.0003219126169677715
229,2424000060,0.5901321689769543,4.805364404316676,0.13241572410961247,0.0001767477995829259
230,9264902050,0.24957647914460832,4.806795879839537,-0.7492940967441373,0.0001716394431650059
231,943100260,0.6654448596305194,4.80319283300813,-1.4959810202025803,8.203546393303895e-06
232,3677400445,0.6474664905016224,4.806501572236919,0.03453189189263089,2.4529543792617403e-05
233,1762600320,0.7940592776876318,4.805519920856993,1.5115673658088051,0.00021765653764131612
234,4058000060,0.30700575889010934,4.80361112466193,-0.21856723470351913,0.0001620895451287026
235,7228500560,0.737476382233877,4.806501572236919,-0.24629144651153323,3.270619210304915e-05
236,326069104,0.9784238862246978,4.8042095515548935,1.0293313333676632,0.0002598413974895059
237,5152100060,0.2936202093153365,4.806673262197975,0.02244114596896598,8.175044043490232e-06
238,3584000310,0.2608721656874756,4.806632386309429,-1.391389566500068,1.6350823264232872e-05
239,8150100045,0.6045902590725062,4.807098272420965,-1.5230497910466063,0.00012258056623082325
240,1868901275,0.8321849981514379,4.806468866044816,-0.04755888730612592,1.6353497195531475e-05
241,6131600075,0.26861681355682676,4.8057899710634215,-1.391389566500068,8.182268206091692e-06
242,9468200125,0.8405124538427378,4.806910309408263,0.054514444613068064,3.2691757593461546e-05
243,8029510030,0.24521912482512048,4.8072535195706525,-0.47863721616280935,8.170235016535798e-06
244,2025069065,0.7698603950917615,4.804611034589435,3.1258311238276897,7.372969876584534e-05
245,7899800890,0.5901321689769543,4.806943001165856,-1.8066456366185237,8.172772409054119e-06
246,3021059276,0.19824073790022848,4.805765424057951,-1.190328372047945,0.0003295414204401136
247,3797001895,0.8512407213058728,4.806844922686648,0.05848596810250595,0.0
248,3832710960,0.33876688808012506,4.806297140984393,-1.1154828439615665,0.00016201800736213412
249,1310430400,0.4536092823869173,4.804930467148881,-0.04755888730612592,0.000294770286013879
250,1422300030,0.49335314125153495,4.801649382104459,-0.22316005604897235,0.00032214891622781147
251,1105000588,0.6201698022810999,4.806231714156099,-0.5509610176213897,5.725198645567531e-05
252,3830630060,0.31474572872605605,4.805478997796433,-1.2288815286936379,0.00014733688605605977
253,5101404898,0.872532667464495,4.8066405616208066,0.45633863579065387,4.0875554380370716e-05
254,7972601890,0.5997711999133142,4.806844922686648,-0.36635092805092606,1.634734846067687e-05
255,5127001620,0.5158708416619411,4.805225237434895,-0.7492940967441373,8.186521715281003e-05
256,9407100800,0.4645529755473429,4.802150443790706,-1.1525386946474394,0.0004830562081930727
257,1873100060,0.8835765261871904,4.804914088473915,0.7553319736545085,0.0
258,8722101360,0.7737070877919577,4.806493395789177,0.9810169464984598,0.0001635429958177781
259,8644000060,0.42753122100890234,4.806395273201279,-1.2922339472664102,0.00026667436223057616
260,3325069129,0.7403626438782844,4.804406216446747,0.22552279201045788,0.00017029363812423647
261,1400300055,0.709891044645674,4.806468866044816,-0.17772180589284428,0.000170315259623565
262,2123039032,0.5041302979320758,4.8076047794126024,-0.44270387776850284,0.0006454327687226424
263,8078560140,0.401444249244123,4.805421702698013,-0.9070960499265793,2.455544414825539e-05
264,3438500192,0.642489586620714,4.806951173938265,-0.9402849968619643,0.00016075856605939342
265,7974200510,0.844195461854757,4.806395273201279,-0.22316005604897235,6.54161283693e-05
266,2557000400,0.23101565106508193,4.807057413901753,-1.025874065487501,2.451531185609923e-05
267,7960900060,0.7656929259475661,4.805847245066358,3.486964725445603,8.181732645162754e-06
268,4054500390,0.9214976177496861,4.804365247783672,2.055918301595776,0.00032160485192828976
269,6378500125,0.893018558850609,4.806902136301869,-0.12895845622945348,0.00016002438891116189
270,1745100140,0.2766833197936268,4.806665087153932,-1.5230497910466063,0.00030731508683525167
271,2976800796,0.5636185574079542,4.8061090273141085,-1.3003029501885914,0.00010634077319782165
272,4235400186,0.8120031648063781,4.807294370078226,-0.6547451577147103,0.0
273,4215100060,0.41754837108104226,4.8053807756177855,-0.4681519351251468,0.0004592239201274459
274,9189700045,0.5023610183737077,4.805372590000734,-0.06864547034251041,8.185315548470129e-05
275,1126049053,0.9747473477538707,4.806158103857167,0.9563931681066314,6.543592598351466e-05
276,2022069200,0.36648661730036036,4.804602842669126,-0.04755888730612592,0.00015563501163828874
277,9412900055,0.6132637991147356,4.806215356780148,-0.2697066647946367,8.178788312385166e-06
278,1722059235,0.3867865457865584,4.805708145368471,-0.8114838075958666,0.00012275109775305992
279,6874200960,0.5628149708825494,4.8062480712644895,-1.9262943889499085,0.00017176298386356592
280,7424700045,0.7422867576923854,4.806370741049848,2.8250252327030885,3.270940150290613e-05
281,7202360350,0.8456365905417107,4.804225941773211,0.9810169464984598,7.375265820197541e-05
282,5634500392,0.9536437895348854,4.805904515789171,-0.6605191904038943,0.00015543257325401072
283,1509500060,0.3693869375595778,4.8054053320669246,-0.44218804688337915,0.00013914182257313001
284,7214810350,0.9661147789744664,4.805200676562819,0.0021180960850102127,0.00016174721566463292
285,6647200060,0.9075794049317877,4.805601761954364,-0.2697066647946367,9.002557550896739e-05
286,9552700140,0.6291627304723639,4.805257984325991,0.7051102239599585,0.00016244562954937142
287,2200500350,0.6694573105663159,4.805192489471406,0.13241572410961247,0.0004968966846476138
288,6113400046,0.43944452699861886,4.806828575338187,-0.3417320427842129,0.00016426444374388982
289,6619910140,0.896379000584935,4.805847245066358,0.5734499994134201,0.00016995872934425795
290,1115450240,0.2879749969316885,4.8061090273141085,-0.4944739572420205,0.00019629172284485463
291,6073240060,0.6192062114320043,4.8055035518337315,0.4156480462309781,5.729040919177919e-05
292,9297300045,0.6702597754495809,4.807090100850674,0.31429769835070087,5.719958981309503e-05
293,9510920070,0.7078057011646339,4.804160379288041,1.2090435332443616,0.00015570388430763415
294,5468730030,0.3194215802950647,4.805200676562819,-1.0791328621011642,1.637424985467817e-05
295,8079030390,0.56860060509408,4.805282543790595,-0.08354595255499123,0.00016400811372546206
296,600000152,0.6492324106719985,4.806566981412215,-0.2744243837558648,0.00016786385273349498
297,1840000030,0.4629437072824896,4.8062644281053295,-1.0612142670891087,0.00032227308348557656
298,3225069065,0.7241660973731222,4.804651993184397,3.6018813604217463,0.00019251699948089724
299,3260800030,0.31264956437168684,4.80648521927458,-0.6318221631915534,0.00016634763816473307
300,2747100024,0.8651692073861298,4.807237178900357,0.40244165201602694,0.00016091494167962323
301,5104530560,0.31958281144863276,4.804021044733257,-1.5355126294731314,0.0001475301005058327
302,4330600350,0.5165141069561832,4.8067795316893305,-0.7492940967441373,4.904364885671697e-05
303,5016001535,0.7539907387699778,4.806460689329648,0.8414765331304881,8.176782027469187e-06
304,7280300196,1.0,4.807163642579511,0.31429769835070087,7.354172883644594e-05
305,8651520400,0.7892521631652525,4.804496341597869,0.5142309180264192,0.00017996999128905012
306,7171200445,0.8265794684397864,4.8064525125476205,0.31672492034327315,0.00014719351066716513
307,3204800200,0.6155123338446521,4.805495367221621,0.6766273616485649,0.00016143947422648478
308,3416600800,0.7172694950343386,4.806427981800372,1.1087586556067832,0.00032120261220247023
309,7994700030,0.601698860078051,4.802684085828089,-1.6066390519461484,0.0003296555718688164
310,1860600135,0.7709823671496282,4.80702472588436,3.1098618561782043,8.172171304998699e-06
311,1328320800,0.46519667335581094,4.805045110362947,-0.8108580275122493,0.00016422287185485727
312,7771300125,0.9330142202299514,4.806746834587108,0.08214308530059564,0.00016077396898020907
313,3422059208,0.30716701626512083,4.805307102652048,-0.3417271496590976,0.00016637079372812242
314,9521101455,0.8179301294785596,4.806844922686648,0.30734571853870857,2.4520521634485704e-05
315,4337000335,0.5229464618308313,4.806771357514002,-1.052317671265204,0.00023522100219669978
316,325059286,0.8373096937576399,4.805257984325991,1.0762199139486923,8.186253647401998e-05
317,2597650240,0.5811346420324112,4.804488148737947,0.20726125219599092,0.0009017733165261714
318,3353400435,0.17465993147898148,4.80608448813936,-1.3494468594998428,0.0001688279449048219
319,7972000240,0.22149138765069026,4.807057413901753,-1.2682296515444893,0.00023701233800998978
320,3530210260,0.9912104674482248,4.8047830494158985,-1.008619888997292,0.0004797378975993499
321,1959700550,0.7862075007469965,4.806632386309429,0.8805560492741783,6.540061969495525e-05
322,1665400045,0.5100812101128789,4.806836749045822,-1.750801159704697,0.0003220742116324442
323,9542850320,0.7028327291523114,4.8053807756177855,1.0053270376457424,0.00017652964702798385
324,3179100060,0.826259140025191,4.806272606425421,1.2112133076087481,0.0
325,2946001550,0.42640419041341804,4.806665087153932,-0.9808890041595236,3.270084450246458e-05
326,8078490390,0.057293675406872836,4.804119400551902,-0.8744744632890814,2.4587443194334924e-05
327,9550201550,0.8224150942170311,4.806730485635075,0.6035028464681532,0.0
328,191100045,0.6577403626698538,4.805798153264679,1.3370819758195478,8.18220125786695e-06
329,5009600070,0.3108758418893563,4.80444718343146,-1.1154828439615665,8.19319555045439e-06
330,200350070,0.9795427975761064,4.805364404316676,0.34834190576004387,4.092942539735134e-05
331,2877103726,0.8429144357407028,4.806943001165856,1.0089469875416486,4.903803718026012e-05
332,405100295,0.9614783669402628,4.806918482447857,-1.0791328621011642,0.0001634734849647046
333,4268200055,0.5462592064649437,4.80582269946677,-1.2288815286936379,0.00023724889565546192
334,3126069068,0.8670901784824758,4.8047830494158985,0.07428992052272164,0.00017623481180387357
335,1115300070,0.5907748089006691,4.805307102652048,0.7303863066985554,0.00016086756074790704
336,6414100671,0.9114191653469946,4.8066405616208066,-0.17772180589284428,8.992401426866081e-05
337,7004200060,0.3613302203382801,4.808029393999594,-0.7822917433587862,0.0014257362599200964
338,7852110140,0.6151911186518478,4.802995929318011,0.3220885221138749,0.00016081755963285886
339,4048400070,0.5094378906167565,4.80466018470208,-0.7192412496894043,0.0003267329337190953
340,808000070,0.32667664514739275,4.805438073061108,-1.5541991892379516,0.00021838975179769136
341,7374200030,0.9899319056864928,4.806534277359362,-0.35646325645927945,0.00017268938610735056
342,7325600160,0.8358684078856166,4.802823606779028,-0.8487728445139611,0.0011512520508141233
343,2757000030,0.6519614796887697,4.805839063266771,1.156214793598062,0.00016566115977144873
344,616000140,0.4178704188728242,4.8067795316893305,-0.7492940967441373,0.0004830691406093601
345,3363900111,0.8438752073412843,4.806910309408263,-0.12240441539250438,4.086619998044938e-05
346,9262800171,0.25183575015141757,4.806231714156099,-1.1751225836436439,0.00013086649999927147
347,6607000126,0.6241846332537248,4.806313497022634,-0.4165726777454727,8.1776178644688e-05
348,5416510830,0.3308681461801924,4.804299694431413,-0.8424011646449827,3.2777213284873596e-05
349,2201500030,0.6770001475029646,4.80514336551528,-0.20030569488904879,0.00048393211997298783
350,325059171,0.8584454279049463,4.805323474891279,1.254098625815047,0.0001652459543156042
351,952003285,0.6595060452280732,4.807139129270825,0.7189131479712302,8.988727324865664e-05
352,3211290370,0.7732262618031922,4.803807907266982,-0.014297629639678563,0.0002787867873124128
353,1072010350,0.5179614340526297,4.805176115087492,-0.39129659500687575,0.0001974774857325022
354,8856950070,0.36922581154672013,4.804258721403952,-0.6634127714706431,2.4584017931594815e-05
355,925059078,0.834747388952113,4.805528105268144,0.4960219539795338,0.00018786079407373323
356,7855801090,0.6596665597994731,4.805364404316676,1.0173669283588656,0.00022928520452637137
357,723099065,0.5314684973945613,4.801632949600966,-0.006072115404928465,0.0003266715544561452
358,6116500075,0.4759778049653049,4.80695934664388,0.6994475600188452,5.721034201044972e-05
359,1118500030,0.7757906320856719,4.8041521836751535,1.0530374313629207,8.195680057276888e-06
360,424069250,0.7066828003131984,4.804365247783672,0.9932107026700725,0.00019720810833612272
361,3291800710,0.5370957352754149,4.805511736378855,-0.6148088289756813,1.6368889289353206e-05
362,6838700060,0.5731002397221389,4.805577210328431,-0.9740613891915211,3.273643893297873e-05
363,7683900200,0.2027622521431245,4.806844922686648,-0.39129659500687575,0.00033523572733170666
364,8155830060,0.5612077724574981,4.805569026319167,-0.8615803848560206,0.0004471799360688527
365,98020310,0.6872700465138831,4.8037751128551465,0.8545921610324106,0.00021253228686057601
366,9423400140,0.9021394137547712,4.806509748617808,-0.06864547034251041,1.6352561219790118e-05
367,1545804860,0.3336086185982289,4.804389829182928,-1.0084463978068565,0.00011471836653687006
368,2883200160,0.8488390013479089,4.80671413641575,0.46437366386308965,3.26992405632609e-05
369,7132300695,0.7028327291523114,4.806534277359362,-0.13334035562410704,9.811857637842536e-05
370,1726059053,0.9496462464169358,4.805618129370113,-1.043462359097109,0.00024696449787099325
371,624111000,0.9187781664158916,4.804512727116349,1.3572759880501883,8.193027738023773e-05
372,808300310,0.913818917546285,4.803684922676796,-0.346626552473261,0.00032006764691474237
373,8563040160,0.761044326597933,4.804799430237233,0.34868270696603637,0.00036776003424710045
374,713500030,0.6423290359326295,4.805233424258203,2.027854320117516,0.0001607592843984149
375,8651600160,0.6326953767593703,4.805871790063476,1.026944445817091,0.0002863137936914839
376,9517200030,0.9704311853719787,4.805217050544563,-0.4655395920096099,0.0004702014195597664
377,2460700700,0.4927096807877417,4.8054053320669246,-1.1724739831519992,0.00018009463202961484
378,1223039290,0.5530105341808962,4.807008381474965,-0.2746605761378575,0.00043580678690502514
379,2890100060,0.9910506483989118,4.806951173938265,-0.36635092805092606,6.53840495843383e-05
380,7972600860,0.6012169495996154,4.806885789888681,-0.5756911651973738,0.0001389359956789349
381,8857320070,0.7331467851736271,4.8049550346583505,0.09386256746391951,0.00016056912198336796
382,4047200695,0.9936077130431372,4.803209239899025,-0.6605191904038943,0.0007997469743558406
383,1653500070,0.762807621738529,4.805806335398989,1.3105061713566823,2.454660377360085e-05
384,1923000030,0.6569377661897736,4.805765424057951,1.6714268031235937,0.00016565176503838928
385,3649100320,0.9406909902266256,4.805994506013022,-0.6605191904038943,0.0003425777799278998
386,7375300160,0.7118159265367927,4.804987790398797,0.24361123405639315,0.00032122671135328864
387,5175800060,0.6710622318986011,4.805077863153078,-0.4681519351251468,8.18809696312428e-06
388,1604601375,0.6585429507129427,4.806387095884338,-0.3975842987114433,8.177316940916057e-06
389,2473251090,0.48370066483107227,4.805307102652048,-1.04416927384788,0.00022953221673203803
390,9126100861,0.7244868544138757,4.8065179249318435,0.3384321021154346,0.00016037801506330052
391,3420069065,0.0349639658792321,4.8042013563449935,-0.4944739572420205,0.0001852491584635536
392,6021501685,0.8565242392877033,4.807171813548873,-0.5373592754483159,5.719491620492789e-05
393,1151100070,0.5240720682195585,4.802207926617727,-0.1245865955592703,3.284692512028897e-05
394,8856950240,0.36922581154672013,4.804283305421883,-0.7043904638622417,2.4584017931594815e-05
395,9385200055,0.6859863846821261,4.807310709814012,0.6330897390954976,3.2679738565022376e-05
396,7821200390,0.81328470966874,4.806836749045822,-0.06864547034251041,8.173707635172889e-06
397,8078520310,0.2592585984947874,4.805560842242923,-0.9843119940421229,0.0001664666812100857
398,1565950030,0.4439517796842394,4.805585394270718,-0.4684133662301393,0.00036494602049518275
399,1560930070,0.39580700400814933,4.8042341367816315,1.1224384012685087,0.0003147355993298916
400,6700400140,0.4006389539790363,4.805585394270718,-1.05765065009106,9.82020835991193e-05
401,2422029094,0.3763150344564255,4.807964080412712,0.1981899022925501,0.0010270034849076506
402,1774220160,0.9907310092966772,4.804799430237233,0.5822895350914676,0.00021195841514634465
403,1525200060,0.8866173082456117,4.805659046737495,0.40740476625154626,0.00042948749967053513
404,1678400105,0.5615292148491389,4.805879971595304,-0.6091712581166794,0.00017179670765266053
405,3426059070,0.8782948800200052,4.805364404316676,0.38245909929559313,0.00016742096721006575
406,824079032,0.6760372736414815,4.80361112466193,0.36057256691152834,0.0004023274490800369
407,2697100140,0.9475674412745221,4.806746834587108,-0.1867233147901359,0.00016505132166991425
408,8724300030,0.9267762761943189,4.803873492864408,-0.5211641314479851,0.0002176310123568602
409,8678500060,0.7082869393310918,4.80361112466193,2.291488869507224,0.00025388071769716727
410,625049299,0.8574848396392349,4.8067795316893305,0.062449243354460504,0.00010626949135517094
411,6073200075,0.6713832121166707,4.805487182542522,0.5582442110091225,0.0004093410854966871
412,6388900710,0.5988073515795276,4.8054053320669246,0.2722007777378923,0.000266660641642206
413,1442860160,0.4479758876024637,4.805339846862465,-0.39129659500687575,0.00010642260426152461
414,7942600310,0.7273736071418159,4.806542453472846,-0.4165726777454727,3.270485503836795e-05
415,1545808560,0.32845000059054624,4.804398022848405,-1.2288815286936379,0.00016633598195530538
416,936000060,0.48209180011175884,4.8067795316893305,-0.7798278097073974,0.0001610958534611026
417,9808650060,0.7810793737899331,4.805814517466352,1.955833835253055,5.727587746129359e-05
418,3754700160,0.9150987545450541,4.805659046737495,-0.3077790766719751,0.00015997845161164204
419,305500140,0.452482636682331,4.805478997796433,-0.4681519351251468,7.366030326849682e-05
420,5468750060,0.3521445255297233,4.805298916431912,-0.6692131295772731,6.549217370910299e-05
421,2944010240,0.9086993550010606,4.8050614868921055,1.4321215161365635,0.00018775796053980558
422,3454000060,0.817609764772767,4.806722311058825,1.4551598202671698,3.269897325441917e-05
423,646910160,0.4463662698868767,4.805634496517974,-1.2922339472664102,4.910224725573897e-05
424,8564950390,0.9932880846460492,4.8058554267990035,0.22552279201045788,0.00010635643323286814
425,2268400350,0.6498745533344615,4.805364404316676,0.9036252988243826,1.6371569133255548e-05
426,7504101040,0.7685781211219934,4.804357053849641,0.8348847602622598,0.00019711058695875836
427,11500890,0.868530875087196,4.804864950839391,1.129241675311532,0.00016744844380718932
428,9528102772,0.840032048394877,4.806624210931216,-0.12022472772218454,0.0
429,284000223,0.5615292148491389,4.807147300440487,0.40905627336274974,0.0001634360805127244
430,3353401710,0.17045984570265763,4.8061090273141085,-1.3665320200824613,5.725901115205545e-05
431,8159610030,0.30023264156540974,4.806239892743738,-1.6547100155931447,4.90701212134681e-05
432,3179100435,0.8268997955104277,4.806272606425421,0.6064822636977159,3.271261153248162e-05
433,822079033,0.4032158689293335,4.80365212423144,-0.548232902292011,0.00045385761243258094
434,8857600960,0.36809791993528546,4.806387095884338,-1.5690355426690907,1.6354834489362702e-05
435,1774000200,0.953803686906115,4.8046929501018205,-0.2934127627898942,0.00046370094811089887
436,2024069128,0.640884064546964,4.80466018470208,1.5115673658088051,0.00020217157433449843
437,1049010390,0.9326943380617613,4.805495367221621,0.15140410314364522,0.00016731112587120632
438,7905370390,0.9088593465270131,4.805749059052877,0.03453189189263089,0.00011456253490305102
439,4140090240,0.9864157504362024,4.806166283046855,0.20726125219599092,0.00028622950076595544
440,4055700030,0.9051794566046695,4.806133565886701,2.1642206292880455,0.0002208200611732991
441,3775300030,0.9936077130431372,4.8057736064600585,-0.6403860504789705,0.00019197412999303443
442,2525300030,0.33296381040824463,4.804258721403952,-1.332924536826086,0.00016203356924212703
443,1324059104,0.6672103640216388,4.805012356500035,0.7500927520108693,9.007054167131656e-05
444,2287000030,0.6362278595990608,4.805830881400242,1.0553919243795444,0.0
445,7702010030,0.9726692259542794,4.805937240443929,0.3177642140139965,0.00013908717924948633
446,1529200340,0.9328542793133674,4.805307102652048,0.11901053658776194,0.00024703188482832973
447,2122039094,0.3690646851937884,4.8076047794126024,0.7880935739644592,0.0011462304127898228
448,1742800030,0.5396680487468899,4.805871790063476,0.40905627336274974,3.2726796704629635e-05
449,1796360350,0.3398952130751617,4.804750286968213,-1.1525386946474394,8.190779639427603e-06
450,6154500070,0.6574193250902661,4.805028733565593,1.5482668881680153,9.00771798262312e-05
451,1843100340,0.35536770219718566,4.805045110362947,-0.5591688425236171,0.0004835341005912968
452,8944290160,0.38002050265397797,4.805388961167835,-1.3494468594998428,0.00021831152601752674
453,4166600473,0.2821680572681797,4.807057413901753,-0.49712623890300833,0.00016345077307722278
454,7282300125,0.9745874942389786,4.806943001165856,-0.6605191904038943,2.4518116846117266e-05
455,8658300340,0.7956615819379029,4.8032748647708745,-3.3647294420045193,8.202873466700566e-06
456,2419600075,0.9256565912633374,4.806910309408263,-0.006072115404928465,0.00018349236551177498
457,2621760350,0.34602011496050533,4.804897709530684,-0.6896543570620598,0.00022933337802122367
458,1723049270,0.5321116312871494,4.806624210931216,-0.6007460066919809,0.00035148092351811044
459,4123840310,0.3497270537293939,4.804365247783672,-0.5895698907193389,0.00021846054483753245
460,2172000075,0.5317900650180368,4.8061989991366305,-0.9011828597481751,0.00022361537804147573
461,8651611170,0.7695398286183018,4.804545497347873,1.1865501007858845,8.19245720418138e-06
462,8820902200,0.9030994403635695,4.806321674941436,1.803087027670132,0.0002660842567664973
463,8651610890,0.7688986916334177,4.804561882060937,1.7218698197147788,0.0002798147767924489
464,1853080570,0.7005867646461631,4.804529112366347,1.1671201239986448,4.096362839955958e-05
465,3629920030,0.6291627304723639,4.8040046511562595,0.20726125219599092,0.00018415914956003494
466,1604602050,0.6633583018046958,4.806395273201279,-0.026702763342288726,0.0004815184057690436
467,6844700810,0.8667700199894887,4.806395273201279,-0.1162032048581438,7.359284353736228e-05
468,66000070,0.6331770885889201,4.807130958034395,-0.7492940967441373,0.00016386290969613257
469,6665800030,0.8211337026038302,4.805560842242923,0.44826963286847604,0.00017987410215307423
470,2205700350,0.6790863325455456,4.805274357369412,-0.3988443293599895,4.911752186664842e-05
471,5466000030,0.3740594440224529,4.805339846862465,-0.6692131295772731,4.911671770368997e-05
472,6189200125,0.7708220864365162,4.805446258142161,1.1449100330601827,0.00025370428855353566
473,9169600135,0.5992892772674133,4.807220837963041,0.22552279201045788,6.536641965926293e-05
474,2625069070,0.7443711596052758,4.8040620275000085,2.0835755443613784,0.0004399896036606794
475,8732131090,0.24554190034007486,4.807114615361223,-0.8744744632890814,3.2686147613425476e-05
476,9286000240,0.6387968353754072,4.80514336551528,1.584273925226006,0.00017048010081904577
477,1895000260,0.580491920960435,4.8061826412255355,-1.5417701158970387,2.4536766300542467e-05
478,8691370400,0.7132595561083352,4.803832502370098,0.7742385577699477,0.0002800618694308892
479,5423010350,0.6587034673091567,4.8046929501018205,1.9262469426257107,0.00018020718530052676
480,8562501040,0.8333060547085309,4.805282543790595,-0.060182856261590825,0.0001555292705130995
481,2475200140,0.5123327856626823,4.805544473889498,-0.44218804688337915,5.7288064866156674e-05
482,7942100310,0.3637473247754297,4.804733905341845,-1.332924536826086,0.0003007586939128694
483,3760000030,0.8888578070068893,4.8057817887952154,0.6907795159841204,0.00016024248237429557
484,1727500340,0.9067794305382699,4.8057899710634215,-0.305377167798692,1.636433556750916e-05
485,9828702519,0.7464555046134257,4.80648521927458,0.09386256746391951,0.0
486,4432600075,0.689355950960499,4.8071881552873075,0.8414765331304881,0.0001655714575045196
487,7806300030,0.36858130409475176,4.806346208296577,-0.8487728445139611,3.271020395168023e-05
488,9274202270,0.69513200433471,4.807212667394247,0.5582442110091225,0.00032181392587237633
489,7852030960,0.6068390492559255,4.803036954117508,-0.12240441539250438,7.384585092218288e-05
490,7852170140,0.6219363539192644,4.8029056688344,0.6330897390954976,4.102850250653489e-05
491,7518503335,0.8437150795807941,4.807139129270825,0.03453189189263089,3.268427804759e-05
492,5467900070,0.34134589213855904,4.805257984325991,-0.5923577894590021,0.0002046856649409179
493,1245002952,0.8502800423888122,4.805699962430714,1.803087027670132,0.00017297894430165739
494,8906200070,0.4592422615423162,4.805585394270718,-0.9740613891915211,0.00032280696712741946
495,5379805885,0.4693805768325,4.806321674941436,-1.2682296515444893,4.906610841270975e-05
496,2769600560,0.8325053017045811,4.806992036798426,0.24000723610532013,0.0
497,9238901420,0.6106939640479334,4.807171813548873,-0.10287627780646581,4.902441416820835e-05
498,5113400431,0.7884509479846462,4.807073757509769,0.5274642477909357,0.0001552750619113752
499,3885805665,0.8472378127352147,4.8056263129775285,2.2161508091306223,0.0
500,8121200810,0.9088593465270131,4.8049222778449305,0.4320285446433713,0.0
501,5126310400,0.5353272194897707,4.805159740435453,0.054514444613068064,3.274903595329448e-05
502,7322910030,0.8044736542829674,4.804168574833763,1.6370417945082583,0.00016536768180940457
503,2827100070,0.9307750169073677,4.806861269767877,-0.9070960499265793,9.808649602049968e-05
504,9276201895,0.6818143346694647,4.807237178900357,0.5274642477909357,2.4510905311636577e-05
505,4402700070,0.9461282353260237,4.806795879839537,-0.8424011646449827,4.904525242910296e-05
506,1922059046,0.36487528065897323,4.805863608464709,-0.7921794149504326,0.00012273201480006435
507,925059288,0.8333060547085309,4.805438073061108,0.9061714184120848,2.4555042174689845e-05
508,4386700135,0.7822011809944148,4.806354385947874,3.002671208872111,0.00014718628904475395
509,1923069078,0.5086337336237389,4.804709332399111,1.2327764336237366,0.00028010078114476663
510,1432400335,0.4779085931690721,4.805470812983353,-0.9203024441415271,0.00010639734507744691
511,1180003090,0.5507601579418542,4.805830881400242,-1.7140406911644332,0.00016260692812091726
512,726049331,0.9632370391315609,4.806812227722487,0.1888232696512511,0.0002065491361268132
513,3340401555,0.5015567868385125,4.8057817887952154,-1.308406216495567,8.182335156980969e-06
514,7453000070,0.5849908548465576,4.807081929213609,-1.0084463978068565,8.17163706479107e-06
515,4348800030,0.7511049922805185,4.805601761954364,0.8480456148251906,0.0001227490887414362
516,7202331420,0.8486788839977214,4.804340665780155,0.6330897390954976,3.277694470060766e-05
517,3225079035,0.7209584528472636,4.803553722440448,2.352075429525221,0.0006010555366501551
518,6381500700,0.9262964132345834,4.8065179249318435,-0.4681519351251468,0.0001650968088989502
519,339500160,0.8626078374047743,4.804709332399111,0.6679989384428471,0.00034293986504649706
520,1545807610,0.3310293531630352,4.804479955810901,-1.0399317080476318,0.00010651416033891081
521,1843200240,0.20905962935626154,4.805577210328431,-1.6161568589474515,0.0002938293098409925
522,4403600270,0.7045973692011962,4.804602842669126,1.397034016680279,0.00019255386383051866
523,2008200060,0.40981881652043767,4.806607859974276,-2.0419853458469617,0.00019294763987007886
524,1521069070,0.24989923623876853,4.804193161067931,-1.5783671815469462,0.0002419828105407257
525,2459500310,0.44185915974259216,4.805339846862465,-0.5051052735847373,0.00017703218039425328
526,6204420070,0.9355732293285173,4.805634496517974,-0.060182856261590825,8.183473475753544e-06
527,5694500105,0.8089594095425006,4.806844922686648,0.46437366386308965,7.356517264600626e-05
528,5466410030,0.3260317784101405,4.805331660910377,-1.1979769448035675,0.00016450925379404998
529,9485740340,0.47308153110451456,4.805699962430714,-0.5652104304816222,0.00021270986044599684
530,622049114,0.4214128549286496,4.806869443208282,2.8980797551695985,0.00026158323400604644
531,2270000070,0.5591183639237961,4.805544473889498,-0.9740613891915211,0.0001973897591702988
532,1310900260,0.3368325778642805,4.806313497022634,-0.7258841978171509,0.00026166023567864016
533,224069094,0.6989824638326698,4.804094812504151,0.24361123405639315,0.0001801540680180042
534,7800800160,0.38034270878097853,4.8054053320669246,-0.4165726777454727,0.0002076150789146268
535,2944000240,0.9074194107236574,4.805094239145873,1.2751852088514315,0.0003438339152346259
536,4139400710,0.6551720242345078,4.804971412662691,0.9859038028128153,5.7324188775353946e-05
537,7899800860,0.5893288614655089,4.806943001165856,-1.1158498631660638,0.0
538,2473420140,0.4775867985259177,4.805331660910377,-0.7492940967441373,0.0001555216321449393
539,5000500055,0.5469022157787209,4.8064770426931265,-1.4781461581647106,0.0002179438674503668
540,4099500935,0.6972176940010263,4.806051768302956,0.7880935739644592,2.4540579895315773e-05
541,1373800295,0.7881304595581279,4.80738423532127,2.1642206292880455,0.00016045247941723784
542,4025300135,0.9542833770105182,4.8065179249318435,-0.06440947227044826,5.7232326469147665e-05
543,3294700310,0.5112070061878267,4.80564267999145,-1.1081572443787056,1.6366746045548553e-05
544,8718500075,0.9403711402205972,4.806117206905211,-0.3125919830009321,0.00016013454661285677
545,4309710240,0.5785637252804825,4.8049796015642725,0.8414765331304881,0.00047066666576240144
546,5486800070,0.6620742378756469,4.805912697053259,2.7295895295555272,0.00016134136852266633
547,236400320,0.4487806837349755,4.806403450451351,-1.2841989191939778,0.00044738864919812094
548,4376700570,0.7746687306852378,4.804815810790241,0.9061714184120848,0.00016048176675382552
549,8648100200,0.33425342134251784,4.804635609947724,-0.6518646796615544,9.829539412109511e-05
550,3624079046,0.5872402223793945,4.802749745171027,-0.026702763342288726,0.00036544498228482225
551,1921069084,0.22536580764756048,4.8047011412840135,-0.26994227394956255,0.000114669506227294
552,6431500140,0.8654893725919699,4.806902136301869,1.2112133076087481,8.173473812611576e-05
553,2725069050,0.7539907387699778,4.8042095515548935,1.1739873676720949,0.0002601311396392657
554,5307100060,0.6909604540643156,4.80539714665088,0.5996226367129728,0.00030019327596011384
555,7203102050,0.8709319756837727,4.8042341367816315,-0.13334035562410704,0.00016028066271616946
556,561000075,0.5631364065076647,4.806141745277091,-1.1154828439615665,8.179390389884134e-06
557,2436701180,0.8230557819589587,4.806387095884338,0.6951895076432857,0.0003220088586145536
558,809002765,0.7759509023685447,4.806910309408263,0.5118860686453081,0.00016047854108365757
559,4045500710,0.8645288729466228,4.802954902835411,-0.2697066647946367,1.6411064339472148e-05
560,5104510270,0.3252256873290077,4.804143987995096,-0.6097342663366926,0.0001614270793697784
561,98020350,0.6861468435913615,4.8037751128551465,0.828270138915537,0.0002459318781102837
562,1714900060,0.6357461670175701,4.806566981412215,-0.10287627780646581,0.00018018328426653072
563,1189000030,0.737476382233877,4.806468866044816,0.6330897390954976,1.6353497195531475e-05
564,2473360060,0.47115062082360015,4.805339846862465,-1.089965339709854,3.274421041687958e-05
565,222069082,0.429463234753215,4.804078420136437,-0.8424011646449827,0.0005095646089018439
566,8669160310,0.3170030721330794,4.805757241588891,-1.0719452214085026,8.182536014089692e-06
567,1526069135,0.9504457717852733,4.804258721403952,1.316671980752629,0.0003850801956604144
568,1088650310,0.9921693747186396,4.805896334458151,0.24361123405639315,6.544877408565242e-05
569,8945200860,0.24295965801153643,4.807057413901753,-1.8172180533995779,0.00018090386413531192
570,7853240200,0.6228999103123423,4.802872844820349,0.5398358719832362,0.00021271670068367558
571,7511800070,0.29200733408338275,4.806526101179028,-1.0863476773034044,0.0001931600336148827
572,2998800125,0.6723461446743018,4.807367896786836,0.8545921610324106,0.00011437721618356989
573,3876300310,0.9171784439119,4.805470812983353,-0.11587280714079798,0.0001651259280153065
574,5419800510,0.39822301721904213,4.805462628103283,-1.0540936754398225,0.00016618326454190027
575,192460060,0.5165141069561832,4.802010828881249,-0.6605191904038943,0.0001626920855959478
576,7942601895,0.7228830557342896,4.806534277359362,0.6035028464681532,0.00017028797771173837
577,7504010570,0.7743481843999406,4.804496341597869,1.254098625815047,0.00016048257234424308
578,1442740140,0.3498882208975258,4.804512727116349,-0.44218804688337915,0.00010649932628759018
579,6909200575,0.6991428954310378,4.8064116276345565,0.7331742054382187,0.0001606395215959389
580,2525069041,0.7600825120836914,4.803791510195499,0.15140410314364522,0.0005250590519697894
581,3620069036,0.039495159723378546,4.803807907266982,-1.0791328621011642,0.0009033176217074353
582,2781280390,0.4729206237796217,4.805560842242923,-0.9070960499265793,0.00021271011695552013
583,9542830350,0.340217588582432,4.804160379288041,-0.8680165337828892,4.097705695205178e-05
584,1123049053,0.5493134524755265,4.806076308280626,-0.4944739572420205,9.815388901746047e-05
585,8018600765,0.5422402755559528,4.806616035486165,-1.2642581280550516,6.540596668269671e-05
586,3278600240,0.6347827727373477,4.807073757509769,-0.4293373831844926,9.805603910439942e-05
587,7846200070,0.5563859741762714,4.8021832915250355,0.46437366386308965,0.0010829626215960071
588,662310400,0.20809083590032018,4.806812227722487,0.1888232696512511,0.0003245833818720741
589,8651100140,0.6344616386091934,4.8057899710634215,1.8346301648028656,0.00020716787369339838
590,8682250350,0.8955789088256358,4.804242331722895,0.1589468653267875,0.00016022906100956273
591,3211230260,0.2540949543051488,4.804963223694051,-0.2936513172433456,0.00044271033761426626
592,4233400340,0.2526426164520062,4.803988257310509,-1.7649321430409366,0.00027388344496509433
593,7199350340,0.8674103356329332,4.805045110362947,-0.026702763342288726,0.0001652313060986977
594,3904901710,0.661913728366028,4.804168574833763,-0.13114814820566822,4.0976721130903115e-05
595,240000058,0.43445404398610843,4.806338030578406,0.0102733065643806,0.00039245505666940517
596,6865200444,0.8172893987226815,4.806804053814419,0.24720843841634976,8.990931425678639e-05
597,9498200046,0.8834164816714184,4.807073757509769,-0.09641105531116835,4.0857851454134675e-05
598,1796380960,0.34037877582561693,4.804709332399111,-1.4084282185137078,4.095456910224726e-05
599,5631500868,0.9504457717852733,4.806002686540911,0.44826963286847604,8.180527888868028e-06
600,3126049411,0.8714121867417437,4.806885789888681,-0.603550292792351,0.0
